week_start,stars_cumulative,stars_added
2023-02-26T00:00:00Z,36,36
2023-03-05T00:00:00Z,82,46
2023-03-12T00:00:00Z,99,17
2023-03-19T00:00:00Z,106,7
2023-03-26T00:00:00Z,110,4
2023-04-02T00:00:00Z,118,8
2023-04-09T00:00:00Z,122,4
2023-04-16T00:00:00Z,125,3
2023-04-23T00:00:00Z,127,2
2023-04-30T00:00:00Z,131,4
2023-05-07T00:00:00Z,135,4
2023-05-14T00:00:00Z,135,0
2023-05-21T00:00:00Z,136,1
2023-05-28T00:00:00Z,138,2
2023-06-04T00:00:00Z,140,2
2023-06-11T00:00:00Z,141,1
2023-06-18T00:00:00Z,142,1
2023-06-25T00:00:00Z,143,1
2023-07-02T00:00:00Z,144,1
2023-07-09T00:00:00Z,145,1
2023-07-16T00:00:00Z,145,0
2023-07-23T00:00:00Z,146,1
2023-07-30T00:00:00Z,146,0
2023-08-06T00:00:00Z,147,1
2023-08-13T00:00:00Z,148,1
2023-08-20T00:00:00Z,148,0
2023-08-27T00:00:00Z,148,0
2023-09-03T00:00:00Z,150,2
2023-09-10T00:00:00Z,150,0
2023-09-17T00:00:00Z,151,1
2023-09-24T00:00:00Z,151,0
2023-10-01T00:00:00Z,151,0
2023-10-08T00:00:00Z,151,0
2023-10-15T00:00:00Z,151,0
2023-10-22T00:00:00Z,151,0
2023-10-29T00:00:00Z,152,1
2023-11-05T00:00:00Z,152,0
2023-11-12T00:00:00Z,152,0
2023-11-19T00:00:00Z,152,0
2023-11-26T00:00:00Z,153,1
2023-12-03T00:00:00Z,153,0
2023-12-10T00:00:00Z,155,2
2023-12-17T00:00:00Z,155,0
2023-12-24T00:00:00Z,155,0
2023-12-31T00:00:00Z,156,1
2024-01-07T00:00:00Z,156,0
2024-01-14T00:00:00Z,156,0
2024-01-21T00:00:00Z,157,1
2024-01-28T00:00:00Z,158,1
2024-02-04T00:00:00Z,158,0
2024-02-11T00:00:00Z,160,2
2024-02-18T00:00:00Z,160,0
2024-02-25T00:00:00Z,160,0
2024-03-03T00:00:00Z,160,0
2024-03-10T00:00:00Z,161,1
2024-03-17T00:00:00Z,161,0
2024-03-24T00:00:00Z,161,0
2024-03-31T00:00:00Z,162,1
2024-04-07T00:00:00Z,162,0
2024-04-14T00:00:00Z,162,0
2024-04-21T00:00:00Z,162,0
2024-04-28T00:00:00Z,162,0
2024-05-05T00:00:00Z,162,0
2024-05-12T00:00:00Z,162,0
2024-05-19T00:00:00Z,162,0
2024-05-26T00:00:00Z,162,0
2024-06-02T00:00:00Z,162,0
2024-06-09T00:00:00Z,162,0
2024-06-16T00:00:00Z,162,0
2024-06-23T00:00:00Z,162,0
2024-06-30T00:00:00Z,162,0
2024-07-07T00:00:00Z,162,0
2024-07-14T00:00:00Z,162,0
2024-07-21T00:00:00Z,162,0
2024-07-28T00:00:00Z,162,0
2024-08-04T00:00:00Z,163,1
2024-08-11T00:00:00Z,163,0
2024-08-18T00:00:00Z,163,0
2024-08-25T00:00:00Z,163,0
2024-09-01T00:00:00Z,163,0
2024-09-08T00:00:00Z,163,0
2024-09-15T00:00:00Z,163,0
2024-09-22T00:00:00Z,163,0
2024-09-29T00:00:00Z,163,0
2024-10-06T00:00:00Z,163,0
2024-10-13T00:00:00Z,163,0
2024-10-20T00:00:00Z,163,0
2024-10-27T00:00:00Z,163,0
2024-11-03T00:00:00Z,163,0
2024-11-10T00:00:00Z,163,0
2024-11-17T00:00:00Z,163,0
2024-11-24T00:00:00Z,163,0
2024-12-01T00:00:00Z,163,0
2024-12-08T00:00:00Z,163,0
2024-12-15T00:00:00Z,163,0
2024-12-22T00:00:00Z,163,0
2024-12-29T00:00:00Z,163,0
2025-01-05T00:00:00Z,163,0
2025-01-12T00:00:00Z,163,0
2025-01-19T00:00:00Z,163,0
2025-01-26T00:00:00Z,163,0
2025-02-02T00:00:00Z,163,0
2025-02-09T00:00:00Z,163,0
2025-02-16T00:00:00Z,163,0
2025-02-23T00:00:00Z,163,0
2025-03-02T00:00:00Z,163,0
2025-03-09T00:00:00Z,163,0
2025-03-16T00:00:00Z,163,0
2025-03-23T00:00:00Z,163,0
2025-03-30T00:00:00Z,163,0
2025-04-06T00:00:00Z,163,0
2025-04-13T00:00:00Z,163,0
2025-04-20T00:00:00Z,163,0
2025-04-27T00:00:00Z,163,0
2025-05-04T00:00:00Z,163,0
2025-05-11T00:00:00Z,163,0
2025-05-18T00:00:00Z,163,0
2025-05-25T00:00:00Z,163,0
2025-06-01T00:00:00Z,163,0
2025-06-08T00:00:00Z,163,0
2025-06-15T00:00:00Z,163,0
2025-06-22T00:00:00Z,163,0
2025-06-29T00:00:00Z,163,0
2025-07-06T00:00:00Z,163,0
2025-07-13T00:00:00Z,163,0
2025-07-20T00:00:00Z,163,0
2025-07-27T00:00:00Z,163,0
2025-08-03T00:00:00Z,163,0
2025-08-10T00:00:00Z,163,0
2025-08-17T00:00:00Z,164,1
2025-08-24T00:00:00Z,164,0
2025-08-31T00:00:00Z,164,0
2025-09-07T00:00:00Z,164,0
2025-09-14T00:00:00Z,164,0
2025-09-21T00:00:00Z,164,0
2025-09-28T00:00:00Z,164,0
2025-10-05T00:00:00Z,164,0
2025-10-12T00:00:00Z,164,0
2025-10-19T00:00:00Z,164,0
2025-10-26T00:00:00Z,164,0
2025-11-02T00:00:00Z,164,0
2025-11-09T00:00:00Z,164,0
2025-11-16T00:00:00Z,164,0
2025-11-23T00:00:00Z,164,0
2025-11-30T00:00:00Z,164,0
2025-12-07T00:00:00Z,164,0
2025-12-14T00:00:00Z,164,0
2025-12-21T00:00:00Z,165,1
2025-12-28T00:00:00Z,165,0
2026-01-04T00:00:00Z,165,0
2026-01-11T00:00:00Z,165,0
2026-01-18T00:00:00Z,165,0
2026-01-25T00:00:00Z,165,0
2026-02-01T00:00:00Z,165,0
2026-02-08T00:00:00Z,165,0
2026-02-15T00:00:00Z,165,0
2026-02-22T00:00:00Z,165,0
2026-03-01T00:00:00Z,165,0
2026-03-08T00:00:00Z,165,0
2026-03-15T00:00:00Z,165,0
2026-03-22T00:00:00Z,165,0
2026-03-29T00:00:00Z,165,0
2026-04-05T00:00:00Z,165,0
2026-04-12T00:00:00Z,165,0
2026-04-19T00:00:00Z,165,0
2026-04-26T00:00:00Z,165,0
2026-05-03T00:00:00Z,165,0
2026-05-10T00:00:00Z,165,0
2026-05-17T00:00:00Z,165,0
2026-05-24T00:00:00Z,165,0
2026-05-31T00:00:00Z,165,0
2026-06-07T00:00:00Z,165,0
2026-06-14T00:00:00Z,165,0
2026-06-21T00:00:00Z,165,0
2026-06-28T00:00:00Z,165,0
2026-07-05T00:00:00Z,165,0
2026-07-12T00:00:00Z,165,0
2026-07-19T00:00:00Z,165,0
2026-07-26T00:00:00Z,165,0
2026-08-02T00:00:00Z,165,0
2026-08-09T00:00:00Z,165,0
2026-08-16T00:00:00Z,165,0
2026-08-23T00:00:00Z,165,0
2026-08-30T00:00:00Z,165,0
2026-09-06T00:00:00Z,165,0
2026-09-13T00:00:00Z,165,0
2026-09-20T00:00:00Z,165,0
2026-09-27T00:00:00Z,165,0
